Dimension,Valeur_Propre,Inertie (%),Inertie_Cumulee (%)
1,0.25,46.316218174010224,46.316218174010224
2,0.11111111111111095,20.584985855115626,66.90120402912585
3,0.06249999999999986,11.57905454350253,78.48025857262837
4,0.040000000000000015,7.410594907841639,85.89085348047001
5,0.027777777777777776,5.146246463778914,91.03709994424892
