Statistique,Valeur
Nombre,225.0
Moyenne,6.536755555555556
Ecart-type,1.7525444914308008
Minimum,2.05
Q1 (25%),5.28
Mediane (50%),6.48
Q3 (75%),7.82
Maximum,10.54
Variance,3.0714121944444446
